Country,City,Name,System,Operator,Launched,Discontinued,Stations,Bicycles,Daily ridership
Albania,Tirana[5],Ecovolis,,,March 2011,,8,200,
Argentina,Mendoza[6],Metrobici,,,2014,,2,40,
Argentina,"San Lorenzo, Santa Fe",Biciudad,Biciudad,,27 November 2016,,8,80,
Argentina,Buenos Aires[7][8],Ecobici,Serttel Brasil[9],Bike In Baires Consortium.[10],2010,,400,4000,21917
Argentina,Rosario,Mi Bici Tu Bici[11],,,2 December 2015,,47,480,
Australia,Melbourne[12],Melbourne Bike Share,PBSC & 8D,Motivate,June 2010,30 November 2019[13],53,676,
Australia,Brisbane[14][15],CityCycle,3 Gen. Cyclocity,JCDecaux,September 2010,,150,2000,
Australia,Melbourne,oBike,4 Gen. oBike,,July 2017,July 2018,dockless,1250,
Australia,Sydney,oBike,4 Gen. oBike,,July 2017,July 2018,dockless,1250,
Australia,Sydney,Ofo,4 Gen. Ofo,,October 2017,,dockless,600,
Australia,Sydney,Reddy Go,Reddy Go,,July 2017,,,2000,
Austria,Vienna,Citybike Wien [16],3 Gen. Cyclocity,JCDecaux Gewista,June 2003,,121,1500,2800[17]
Austria,Burgenland,LEIHRADL nextbike,3 Gen. nextbike,,2009,,40,,
Austria,Lower Austria[18],LEIHRADL nextbike,3 Gen. nextbike,,2009,,295,1300,
Austria,Salzburg,nextbike,3 Gen. nextbike,,2011,,,,
Austria,Vienna,Viennabike,2 Gen.,Association and city council,April 2002,November 2002,200,1500,
Austria,Vorarlberg,,3 Gen. nextbike,,2009,,14,70,
Bangladesh,Dhaka,JoBike,JoBike,,2018,,05,300,
Belgium,Namur[19],Libiavelo,3 Gen. Cyclocity,JCDecaux,21 April 2012,,24,200,
Belgium,Antwerp,Velo Antwerp,3 Gen. Clear CC,,9 June 2011,,302,3600,7010[20]
Belgium,Brussels[21],Villo!,3 Gen. Cyclocity,JCDecaux,19 May 2009 (earlier system since 2006),,346,4115[22],
Brazil,Salvador[23],Bike Salvador,tembici,,2013,,23,,
Brazil,Belo Horizonte[24],Bikebh,Mobilicidade,,2014,,40,400,
Brazil,Fortaleza,Bicicletar,Mobilicidade,,15 December 2014,,80,800,
Brazil,João Pessoa[25],SAMBA,Mobilicidade,,,,3,20,
Brazil,(Pedro de) Toledo[26],Toopedalando,Toopedalando,,2011,,6,60,
Brazil,Rio de Janeiro[27],Bike Rio,tembici,,2011,,60,300,
Brazil,São Paulo[28],Bikesampa,tembici,,2012,,241,600,
Brazil,Sorocaba[29],Integrabike,tembici,,2012,,15,120,
Bulgaria,Burgas,VeloBurgas,Mobilicidade,,2012,,10,120,
Canada,Victoria[30],U-Bicycle,,,September 2017,,initially 150,,
Canada,Hamilton[31],Hamilton Bike Share,Social Bicycles,,20 March 2015,,100,750,
Canada,"Kitchener, Ontario[32][33]",Community Access Bicycles,Community Access Bicycles,,"2011, relaunched 21 August 2013",,7,65,
Canada,Montreal[34],BIXI Montréal,PBSC & 8D,,2009,,540,6200,8808
Canada,Toronto[35],Bike Share Toronto (formerly Bixi Toronto),PBSC,Motivate,2011,,625,6850,6200
Canada,Vancouver,Mobi,3 Gen. CycleHop,,20 July 2016,,150,1500,
Chile,Santiago,Bikesantiago,3 Gen. B-Cycle,,2013,,53,,
China,Guangzhou[36][37],GZ-Public Bicycle,,,June 2010,,50,4840,
China,Lanxi,China,,,July 2014,,50,1500,
China,"Taizhou, Jiangsu[38]",,,,2014,,80,2000,
China,"Taizhou, Jiangsu[38]",China,,,2010,,200,13000,
China,Anqiu,Anqiu Public Bicycle,,,December 2013,,95,2280,
China,Baoji,Baoji Public Bicycle Service,,,September 2013,,100,2000,
China,Beijing,,,,2012,,508,16000,
China,Changzhou,Changzhou Public Bicycle,,,,,,,
China,Chengdu (Jinniu District)[39],–,Shanghai Forever Bicycle Co.,,June 2010,,156,1500,
China,Chengdu (Gaoxin District [zh])[40],–,,,December 2010,,72,1200,
China,Foshan,,,,August 2010,,208,11694,
China,Fuzhou,Fuzhou Public Bicycle,,,June 2011,,59,1400,
China,Haikou,,,,April 2013,,105,3000,
China,Haining,Haining Public Bicycle,,,October 2012,,100,2200,
China,Hangzhou[41][42],Hangzhou Public Bicycle,,,October 2008,,2965,78000,
China,Heihe,,,,May 2012,,62,2230,
China,Heze,,,,April 2014,,100,2000,
China,Hohhot,,,,October 2013,,112,5100,
China,Huaian[43],Huaian Public Bicycle,,,October 2013,,335,7000,
China,Huaibei,Huaibei Public Bicycle,,,April 2014,,100,3000,
China,Huangyan,Huangyan Public Bicycle,,,January 2012,,93,2500,
China,Huizhou,Guangzhou Huimin,,,April 2012,,100,10000,
China,Huzhou,Huzhou Public Bicycle,,,December 2013,,85,,
China,Jiangyin,,,,November 2008,,23,700,
China,Jiaxing,Jiaxing Public Bicycle,,,December 2011,,334,7800,
China,Jinhua,Jinhua Orange Public Bicycle Service,,,October 2013,,100,3000,
China,Jiujiang,,,,February 2014,,6,120,
China,Jiyuan,,,,September 2013,,32,500,
China,Kaixian,,,,January 2011,,58,1600,
China,Kunshan[44],,Forever Bicycle,,September 2010,,745,20000,
China,Lanzhou,Lanzhou Public Bicycle,,,June 2014,,111,2000,
China,Lhasa,,,,November 2013,,15,242,
China,Linhai,,,,June 2011,,82,2700,
China,Lishui,,,,February 2013,,26,800,
China,Luoyang,Luoyang Public Bicycle,,,25 May 2013,,35,1000,
China,Maanshan,Maanshan Public Bicycle,,,,,,,
China,Nanning,,,,December 2013,,50,1000,
China,Nantong[45],Nantong Economic and Technological Development Area Public Bicycle,Forever Publicbike Intelligent Systems,,1 January 2013,,182,3800,
China,Ningbo,Ningbo Public Bicycle,,,September 2013,,600,15000,
China,Qingzhou,,,,2010,,550,10300,
China,Shanghai[46][47][48][49],,Forever Bicycle,,March 2009,,596,19165,
China,Shaoxing[50],Shaoxing Public Bicycle,,,15 June 2011,,204,9000,
China,Shenzhen / Shekou / Xiaomeisha,Shenzhen City Bicycle Public,Forever Bicycle,,September 2010,,16,350,
China,Suzhou,,,,2010,,976,22940,
China,Taiyuan,,,,September 2012,,1262,41000,
China,Weifang,Weifang Public Bicycle,,,October 2013,,735,20000,
China,Wuhu,,,,2012,,553,12000,
China,Wuxi,Wuxibike,,,January 2010,,27,1500,
China,Xi'an,Xianbicycle,,,April 2011,,900,20000,
China,Xuzhou,,,,September 2012,,480,18000,
China,Yangzhou,,,,March 2014,,140,5000,
China,Yantai,,,,August 2010,,110,6000,
China,Yiwu,,,,October 2013,,52,1000,
China,Yixing,Yixing Public Bicycle,,,December 2012,,148,3600,
China,Yueyang,,,,April 2014,,210,5000,
China,Zhangjiagang,Forever Bicycle,Forever Bicycle,,June 2010,,152,3200,
China,Zhenjiang[51],Zhenjiang Public Bicycle,,,1 April 2013,,80,2000,
China,Zhijin,,,,June 2014,,30,1000,
China,Zhongshan,,,,2010,,527,11180,
China,Zhuhai,,,,December 2012,,195,5000,
China,Zhuzhou,,Foshan Tianzhou,,May 2011,,1005,20000,
Colombia,Medellin[52],EnCicla,3 Gen (formally 0 Gen),The Metropolitan Area of Aburra Valley[53],2011,,50,1400,
Croatia,Zagreb[54],nextbike,3 Gen. nextbike,,May 2013,,21,100,
Cyprus,Limassol[55],nextbike Cyprus,3 Gen. nextbike,,May 2012,,13,170,
Cyprus,Pissouri[56],e-asyGo.com Cyprus,own pedelecs,,April 2019,,3,10,
Cyprus,Nicosia[57],EasyBike,EasyBike[58],EasyBike,October 2011,,27,315,
Cyprus,"Limassol (& Agios Dometios, Aglandjia, Dali, Engomi, Latsia, Pallouriotissa, Strovolos)",Bike in Action,3 Gen. Smoove,,,,27,310[59],
Czechia,Ostrava,Rekola,4 Gen.,,2018 [60],,,180,
Czechia,Prague,Rekola,4 Gen.[61],,2013 [62],,,500,"4,700[63]"
Czechia,Brno,Rekola,4 Gen.,,2014 [64],,,50,
Czechia,Pardubice,Rekola,4 Gen.,,2014,2016,,,
Czechia,České Budějovice,Rekola,4 Gen.,,2015 [65],,,100,
Czechia,Hradec Králové,Rekola,4 Gen.,,2015 [66],2016,,,
Czechia,Olomouc,Rekola,4 Gen.,,2014 [67],,,70,
Czechia,Teplice,Rekola,4 Gen.,,2017 [68],,,40,
Czechia,Kladno,Rekola,4 Gen.,,2017 [69],2017,,80,
Czechia,Liberec,Rekola,4 Gen.,,2018 [70],,,100,
Czechia,Frýdek-Místek,Rekola,4 Gen.,,2018 [71],,,80,
Czechia,Prague,Freebike,,HomePort,,,,500[72],
Czechia,Prague 4 and Brno,Velonet,,Velonet,9 October 2016[73],2020[74],,,
Czechia,Prague 7,Ofo,4 Gen. Ofo,Ofo,2017,Discontinued,,[75],
Czechia,Prostějov,Nextbike,3 Gen. nextbike,Nextbike,2019,,,180[76],
Czechia,Ostrava,Nextbike,3 Gen. nextbike,Nextbike,2019,,,600[77],
Denmark,Farsø,,2 Gen,,1991,,,[78],
Denmark,Aarhus,Aarhus City Bikes,2 Gen,Aarhus Municipality,March 2004,,52,450,
Denmark,Århus,Bycyklen,2 Gen,,May 2007,,57,400,
Denmark,Copenhagen,Bycyklen,Gobike,,16 August 2013[79],,105,1860,
Denmark,Copenhagen,Bycykler København,2 Gen,,1995,October 2012 [80][81][82] Copenhagen municipality changed its mind and a new version was introduced in late 2013.[83],110,initially 800 (later 2500),
Ecuador,Quito,BiciQ,BiciQ,,2012,,25,425,
Emirates,Abu Dhabi[84],ADCB Bikeshare,8D,Cyacle,December 2014,,11,75,
Finland,Helsinki,Helsinki City Bikes,3 Gen. Smoove,Helsinki City Transport (HKL),May 2017 [85][86],,345,3450,
Finland,Helsinki,Helsinki City Bikes,2 Gen.,Helsinki City Transport (HKL),2000,2010 [87],,,
Finland,Vaasa,Rekola,4 Gen.,,2018 [88],,,60,
France,Avignon[89],Vélopop',3 Gen. Smoove,,July 2009,,17,200,
France,Créteil[90],Cristolib,3 Gen. Cyclocity,JCDecaux,April 2010,,10,75,
France,Lyon[91],Vélo'v,3 Gen. Cyclocity,,19 May 2005 [92][93],,348,4000,
France,Marseille[94],Le vélo,3 Gen. Cyclocity,,2007,,122,672,
France,Mulhouse[95],VéloCité,3 Gen. Cyclocity,,15 September 2007,,40,240,
France,Nancy[96],VélOstan,3 Gen. Cyclocity,JCDecaux,27 September 2009,,29,250,675[97]
France,Nantes[98],Bicloo,3 Gen. Cyclocity,,May 2008,,103,885,3640[97]
France,Paris[99],Vélib',3 Gen. Cyclocity,JCDecaux,15 July 2007,31 December 2017,1229,14500,105000 (2017[100]
France,Grand Paris[101],Vélib' Métropole,3 Gen. Smoove,Smovengo[102],1 January 2018 [103],,1360,10500,150000 [100]
France,Toulouse[104],VélôToulouse,3 Gen. Cyclocity,,16 November 2007,,280,2465,
France,"Valence, Drôme[105]",Libélo,3 Gen. Smoove,Transdev,March 2010,,20,380,
France,Amiens[106],Vélam,3 Gen. Cyclocity,,February 2008,,26,250,376[97]
France,Angers[107],VéloCité,3 Gen. Cyclocity,,2004,,,,
France,Belfort,Optymo,3 Gen. Smoove,,May 2013,,21,200,
France,Besançon[108],VéloCité,3 Gen. Cyclocity,,September 2007,,30,200,380[97]
France,Bordeaux,VCUB,Keolis,,February 2010,,139,1545,
France,Caen,V'eol,3 Gen. Clear CC,,March 2008,,40,350,
France,Calais,Vel'in,OYBike,,July 2010,,37,160,
France,Cergy-Pontoise[109],VélO2,Cyclocity,JCDecaux,March 2009,,42,320,
France,Chalon-sur-Saône,Réflex,3 Gen. Smoove,Transdev,December 2007,,14,100,
France,Clermont-Ferrand,C.Vélo,3 Gen. Smoove,SMTC,June 2013,,10 (22),100 (220),
France,Dijon,Velodi,3 Gen. Clear CC,,February 2008,,39,400,
France,Dunkirk,Dk'vélo,Veolia,,2013,,20,200,
France,Grenoble,Métrovélo,3 Gen. Smoove,,2006,,16,1250,
France,La Rochelle,Yélo,Homeport,,February 2010,,63,300,
France,La Rochelle,Vélos Jaunes,Zero Generation,,1974,Discontinued,,,
France,Lille,V'Lille,Keolis,,2011,,215,1100,
France,Montpellier,Vélomagg',3 Gen. Smoove,,June 2007,,52,2414,
France,Nice,Vélo Bleu,OYBike,,July 2009,,175,1750,
France,Orléans,Vélo'+,EFFIA,,June 2007,,33,300,
France,Pau,IDEcycle,,,,,20,220,
France,Perpignan,BIP!,3 Gen. Clear CC,,February 2008,,15,150,
France,Poitiers,Cap'Vélo,,,September 2007,,,360,
France,Rennes[110],LE vélo STAR,3 Gen. Clear CC,,June 1998,,82,800,
France,Rouen[111],Cy'clic,3 Gen. Cyclocity,,December 2007,,21,190,
France,St. Etienne,Vélivert formerly Vélo Vert,3 Gen. Smoove,,26 June 2010,,30,700,
France,Strasbourg,Vélhop,3 Gen. Smoove,,October 2010,,4,1852,
France,Vannes,Vélocéa,OYBike,,June 2009,,20,174,
Georgia,Batumi,BatumVelo[112],3 Gen. SmooveKey[113],Batumi Avtotransporti[114],May 2013,,24[114],370[114],
Germany,Aachen,Velocity [115],3 Gen.,,27 June 2008,,46,,
Germany,Aschaffenburg,nextbike,3 Gen.,,,,4,,
Germany,Aschaffenburg,Call a Bike,3 Call a Bike,,,,,,
Germany,Baden-Baden,Call a Bike,3 & 4 Gen. Call a Bike flex,,,,,,
Germany,Berlin,Call a Bike [116],3 & 4 Gen. Call a Bike flex,,March 2003,2016,dockless,,
Germany,Berlin,LIDL-BIKES - Call a Bike [116],3 & 4 Gen. Call a Bike flex,,March 2017,,350 & dockless,3500,
Germany,Berlin,nextbike,3 Gen. nextbike,,2009,,500,300,
Germany,Berlin,Ofo,4 Gen. Ofo,,October 2016,August 2018,,,
Germany,Berlin,Donkey Republic Berlin [117],4 Gen.,,April 2017,,,600,
Germany,Berlin,Mobike [118],4 Gen.,,November 2017,,,700,
Germany,Berlin,fLotte [119],0. Gen,Freie Lastenräder [120],March 2018,,,12,
Germany,Berlin,LimeBike[121],4 Gen.,,April 2018,,,500,
Germany,Berlin,Jump Bikes [122],4 Gen.,Jump Bikes,November 2018,,,100,
Germany,Bielefeld,nextbike,3 Gen. nextbike,,2009,,10,,
Germany,Bochum,metropolradruhr,3 Gen. nextbike,,2010,,6,30,
Germany,Bonn,nextbike,3 & 4 Gen. Call a Bike flex,,October 2018,,15 & dockless [123],500,
Germany,Bottrop,metropolradruhr,3 Gen. nextbike,,2010,,15,,
Germany,Bremen,LimeBike[124],4 Gen.,,March 2018,,,500,
Germany,Coburg,nextbike,3 Gen. nextbike,,2009,,5,,
Germany,Cologne,Call a Bike,3 & 4 Gen. Call a Bike flex,,March 2000,,dockless,,
Germany,"Ruhr Area, Dortmund",metropolradruhr,3 Gen. nextbike,,2010,,27,,
Germany,Darmstadt,Call a Bike,3 & 4 Gen. Call a Bike flex,,2014,,30,350 [125],
Germany,Dresden,nextbike branded SZ-Bike since 2017[126],3 Gen. nextbike,DVB [127],2005,,30+,500,
Germany,Duisburg,metropolradruhr nextbike,3 Gen.,,September 2010,,14,,
Germany,Düsseldorf[128],nextbike,3 Gen. nextbike,,2008,,45,400,
Germany,Düsseldorf,Flexbeee [129],4 Gen.,,July 2018,,,400,
Germany,Düsseldorf,Mobike [130],4 Gen.,,30 May 2018,,,600,
Germany,Düsseldorf,Call a Bike branded FordPass Bike[131],3 Gen. Call a Bike,,October 2017,,135,1200,
Germany,Dortmund,metropolradruhr,3 Gen. nextbike,,July 2008,,55,400,
Germany,Dreieich,Byke,4 Gen.,,October 2017,,,100,
Germany,Erfurt,nextbike,3 Gen. nextbike,,2009,,10,30,
Germany,Essen,metropolradruhr,3 Gen. nextbike,,2010,,25,,
Germany,Flensburg,nextbike,3 Gen. nextbike,,2009,,10,30,
Germany,Frankfurt am Main,Call a Bike,3 & 4 Gen. Call a Bike flex,,March 2000,,dockless,,
Germany,Frankfurt am Main,nextbike,3 Gen. nextbike,,2009,,30,300,
Germany,Frankfurt am Main,Byke [132],4 Gen.,,October 2017,,,100,
Germany,Frankfurt am Main,LimeBike[133],4 Gen.,,January 2018,,,500,
Germany,Gelsenkirchen,metropolradruhr,3 Gen. nextbike,,2010,,4,,
Germany,Freiburg im Breisgau,Call a Bike,3 & 4 Gen. Call a Bike flex,,2010,,,,
Germany,Freiburg im Breisgau,nextbike,3 Gen. nextbike,,2019,,,,
Germany,Hamburg,StadtRAD Hamburg,3 & 4 Gen. Call a Bike flex,Deutsche Bahn,July 2009,,200,2450,
Germany,Hamburg[134],nextbike,3 Gen. nextbike,,2008,,30,250,
Germany,Hamm,metropolradruhr,3 Gen. nextbike,,2010,,10,50,
Germany,Hannover,oBike,4 Gen. oBike,,2017,,,500,
Germany,Herne,metropolradruhr,3 Gen. nextbike,,2010,,7,45,
Germany,Karlsruhe,,,,,,,,
Germany,Kassel,Konrad,,,,,,,
Germany,Leipzig[135],nextbike,3 Gen. nextbike,,2008,,60,500,
Germany,Magdeburg,nextbike,3 Gen. nextbike,,2008,,21,100,
Germany,Mainz,MVGmeinRad,,,July 2011,,120,1000,
Germany,Munich,Call a Bike,4 Gen. Call a Bike flex,,March 2000,,dockless,,
Germany,Munich,nextbike,3 Gen. nextbike,,2011,,30,3000,
Germany,Münster,tretty,,,August 2020,,dockless,175,
Germany,Nuremberg,NorisBike,3 Gen. nextbike,,2011,2018,66,750,
Germany,Nuremberg,Lastenrad für alle,Bluepingu e.V.,,2017,,5,5,
Germany,Nuremberg,VAG Rad,3 & 4 Gen. nextbike,,2019,,32 &dockless,1500,
Germany,Oberhausen,metropolradruhr,3 Gen. nextbike,,2010,,8,40,
Germany,Offenburg,nextbike,3 Gen. nextbike,,2010,,13,86,
Germany,Potsdam,nextbike,3 Gen. nextbike,,2010,,20,150,
Germany,Stuttgart,Call a Bike,4 Gen. Call a Bike fix,,June 2007,,64,400,
Germany,Tübingen,nextbike,3 Gen. nextbike,,2009,,9,50,
Germany,Tübingen,nextbike,3 Gen. nextbike,,2009,,9,50,
Germany,Mülheim a. Ruhr,metropolradruhr,3 Gen. nextbike,,2010,,13,65,
Greece,Aigialeia[136],Cyclopolis,3 Gen.,,2013,,3,45,
Greece,Aktio-Vonitsa[136][137],Cyclopolis,3 Gen.,,2013,,3,35,
Greece,Ancient Olympia[136][138],Cyclopolis,3 Gen.,,2013,,4,60,
Greece,Corfu[139],EasyBike[140],3 Gen. Smoove[141][142][143][139],,November 2010,,8,100[58],
Greece,Didymóteicho[136][144],EasyBike,3 Gen. Smoove,,May 2013,,8,100,
Greece,East Mani[136][137],EasyBike,3 Gen. Smoove,,2013,,6,100,
Greece,Ioannina[145],EasyBike,3 Gen. Smoove,,September 2012,,2,10,
Greece,Iraklio[146],EasyBike,3 Gen. Smoove,,April 2010[147],,,100,
Greece,Karditsa[148],EasyBike,3 Gen. Smoove,,March 2013,,10,60,
Greece,Kavala[136][149],EasyBike,3 Gen. Smoove,,2013,,4,52,
Greece,Keratsini-Drapetsóna[136][150],EasyBike,3 Gen. Smoove,,November 2012,,6,70,
Greece,Komotini[136][151],EasyBike,3 Gen. Smoove,,2013,,6,100,
Greece,Marathónas[137],Cyclopolis,3 Gen.,,2013,,4,50,
Greece,Maroussi[136][152],Cyclopolis,3 Gen.,,February 2013,,6,70,
Greece,Moscháto-Távros[153],Cyclopolis,3 Gen.,,January 2013,,5,60,
Greece,Náfplion[136][154],Cyclopolis,3 Gen.,,June 2013,,4,60,
Greece,Naupactus[136][155],EasyBike,3 Gen. Smoove,,January 2013,,4,60,
Greece,Municipality of Nafpaktos[156] municipality bike rental,,0 Gen.,,June 2010,,,,
Greece,Nea Erithréa[156] municipality bike rental,,0 Gen.,,2010,,,,
Greece,Nea Smyrni[137],Cyclopolis,3 Gen.,,2013,,3,40,
Greece,Salonica[157],Aristotle University of Thessaloniki Bike,0 Gen.,,May 2012,,,60,
Greece,Sikyona[136][137],Cyclopolis,3 Gen.,,2013,,4,24,
Hungary,Budapest,MOL BuBi,3 Gen.,,April 2014[158],,126,1526[159],
Hungary,Esztergom,EBI,,,20 September 2013[160],,9,93,
Hungary,Győr,GyőrBike,,,7 September 2015,,23,180[161],
Hungary,Kaposvár,Kapsvári Tekergő [162],,,27 October 2015,,4,32 (including 6 rollers) [162],
Hungary,Szeged,CityBike Szeged[163],CityBike Szeged,,1 October 2013[164],,12,100,
India,Bengaluru,Namma Cycle,,,2013,,,150,
India,Mumbai,"FreMo, Cycle Chalao",,,2012,,,,
India,Mysuru,"Embarq, India",,,2009,,52,,
India,New Delhi,Greenolution,,,2007,,7,,
Indonesia,Bandung[165],Boseh,Banopolis,,July 2017,,30,350,
Iran,Urmia,U Bike,U Bike,,10 June 2016,,20,250,
Iran,Tehran,Bdood,Bdood,,1 August 2017,,55,5700,
Ireland,Cork,Coca-Cola Zero Bikes,,NTA & An Rothar Nua,18 December 2014,,31,320,
Ireland,Dublin[166][167],Dublin Bikes,Cyclocity,JCDecaux,September 2009,,102,950,
Ireland,Galway,Coca-Cola Zero Bikes,,NTA & An Rothar Nua,24 November 2014,,19,205,
Ireland,Limerick,Coca-Cola Zero Bikes,,NTA & An Rothar Nua,8 December 2014,,23,215,
Israel,Tel Aviv[168],Tel-O-Fun,,,April 2016,,200+,2000,
Italy,Alpignano,ToBike,,,,,2,8,
Italy,Brescia,Bicimia,,,,,65,395,
Italy,Carugate[169],Meglio in Bici,,,5 May 2012,,3,30,
Italy,Cernusco sul Naviglio[169],Meglio in Bici,,,5 May 2012,,3,40,
Italy,Collegno,ToBike,,,,,10,35,
Italy,Druento,ToBike,,,,,1,5,
Italy,Florence,Ofo,,,2017 [170],,,,
Italy,Grugliasco,ToBike,,,,,9,30,
Italy,Milan,BikeMi[171],3 Gen. Clear CC,,8 December 2008 [172],,320[173],5430 (1000 E)[174],19000
Italy,Milan,Mobike,4 Gen.,,30 August 2017,,dockless,8000,
Italy,Milan,Ofo,4 Gen. Ofo,,20 September 2017,,dockless,4000,
Italy,Milan,Bitride Sharing,Zehus,,1 March 2018,31 December 2018,dockless,350,
Italy,Padua,GoodBike Padova,,,,,28,,
Italy,Padua,Mobike,,,,,dockless,,
Italy,Pioltello[169],Meglio in Bici,,,5 May 2012,,2,20,
Italy,Pisa[169],Ciclopi,,,May 2013,,15,200,
Italy,Rimini[175],Rimini in Bici,,,,,16,,
Italy,Rome,Roma'n'Bike,,,,,19,200,
Italy,Turin,ToBike,,,4 March 2011,,184,,
Italy,Venaria Reale,ToBike,,,,,10,35,
Japan,"Toyama, Toyama[176]",Cyclocity Toyama,Cyclocity,JCDecaux,22 March 2010,,17,130,
Japan,Kyoto[177],Community Cycle,,,,,5,,
Japan,Yokohama,Baybike,,,April 2011,,15,300,
Kazakhstan,Almaty,Almatybike[178],3 Gen. Smoove[179],,June 2016,,300,1700,
Kazakhstan,Astana,Astanabike[180],3 Gen. Smoove[181],,July 2014,,250,1280,
Kazakhstan,Shymkent,Shymkentbike[182],3 Gen. Smoove[183],,July 2016,,40,200,
Latvia,"Riga, Jurmala",BalticBike,,,,,20,,
Lithuania,Vilnius[184],CycloCity,3 Gen. Cyclocity,JCDecaux,2013,,33,300,
Luxembourg,Luxembourg City[185],Vel'oh,3 Gen. Cyclocity,,March 2008,,73,680,
Malaysia,George Town,LinkBike,Fast Rent Bike (PG),,December 2016,,25,250,
Mexico,Guadalajara,MIBICI,PBSC,,2014,,,242,2116
Mexico,Mexico City[186],Ecobici,3 Gen. Clear CC,,2010,,452,6500,31000
Mexico,Toluca,,PBSC,,,,,,
Netherlands,"Towns and cities in the Netherlands: all over the country, mainly at railway stations",OV-fiets,OV-Fiets/Nederlandse Spoorwegen,,2003,,205,21700 [187],14887
Netherlands,Amsterdam,WhiteBikes,WhiteBikes,Provo,1965,1966,,50,
Netherlands,Towns and cities in the Netherlands: several locations,Bikedispenser,,,2005,,5,500,
Netherlands,"Delft, Rotterdam and The Hague",Mobike,4 Gen.,,2018/2019,,,,
Norway,Drammen,Drammen City Bikes,3 Gen. Clear CC,,2001,,,,
Norway,Oslo,Oslo Bysykkel,3 Gen. Clear CC,,2003,,106,,
Norway,Sandnes,,WhiteBikes,volunteers and city council,1996,2002,,225,
Norway,Sandnes,,3 Gen. Clear CC,,2002,,,,
Norway,Trondheim,Trondheim City Bikes,Bycykler,,1998,2005,,200,
Norway,Trondheim,Trondheim City Bikes,3 Gen. Clear CC,,2005,,10,125,
Poland,Białystok,BiKeR,3 Gen. nextbike,,31 May 2014,,46,460,
Poland,Grodzisk Mazowiecki,Grodziski Rower Miejski,3 Gen. nextbike,,27 September 2014,,9,60,
Poland,Juchnowiec Kościelny[188],Rower Gminny,3 Gen. nextbike,,July 2015,,2,20,
Poland,Katowice[189],City by bike,3 Gen. nextbike,,May 2015,,3,40,
Poland,Konstancin,Konstanciński Rower Miejski,3 Gen. nextbike,,14 June 2014,,5,55,
Poland,Kraków,Wavelo,BikeU,,October 2008,,157,1500,
Poland,Łódź,Łódzki Rower Publiczny,3 Gen. nextbike,,30 April 2016,,148,1490,
Poland,Lublin,Lubelski Rower Miejski,3 Gen. nextbike,,19 September 2014,,90,891,
Poland,Opole,Opole Bike,3 Gen. nextbike,,15 June 2012,,16,164,
Poland,Poznań[190],Poznański Rower Miejski,3 Gen. nextbike,,April 2012,,89,973,
Poland,Rzeszów,RoweRes,,,2010,,16,,
Poland,Sopot[190],Rower Trójmiejski,3 Gen. nextbike,,5 September 2013,,8,80,
Poland,Szczecin[191],Bike S,3 Gen. nextbike,,2015,,85,724,
Poland,Toruń,Toruński Rower Miejski,,,April 2014,,12,120,
Poland,Warsaw,Bemowo Bike,3 Gen. nextbike,,1 April 2012,,15,140,
Poland,Warsaw[192],Veturilo,3 Gen. nextbike,,1 August 2012,,390,5700,
Poland,Wrocław[193],Wrocławski Rower Miejski,3 Gen. nextbike,,June 2011,,76,760,
Portugal,Águeda[194],beÁgueda,,,2011,,4,20,
Portugal,Anadia[195],b→AND,,,2014,,11,,
Portugal,Aveiro[196],Buga,,,2000,,1,300,
Portugal,Cascais[197],biCas,,,2016,,80,700,
Portugal,Lisbon[198],GIRA,,,2017,,81,600,
Portugal,Torres Vedras[199],Agostinhas,,,5 June 2013,,19,260,
Portugal,Vila do Conde[200],biConde,,,5 June 2014,,12,60,
Portugal,Vilamoura[201],Vilamoura Public Bikes,,,15 July 2012,,43,260,
Romania,Bucharest[202],Cicloteque,Proprietary,,31 July 2008,,6,400,
Russia,Almetyevsk,Gobike,,,September 2017[203],,dockless[204],45,
Russia,Kazan,Veli'k,3 Gen. Cyclocity,Russ Outdoor[205],1 July 2013,,6,120[206],
Russia,Moscow,Velobike,Smoove,CityBike,June 2013,,430,4300,
Russia,Saint-Petersburg,Velogorod,,,July 2014,,96,800,1400
Serbia,Novi Sad,NS Bike,Parking Servis,,2011,,5,70,
Slovakia,Bratislava,Whitebikes,Open Source Bike Share,,May 2014,,50,100,
Slovakia,Bratislava,Slovnaft BAjk,,Slovnaft,7 September 2018[207],,90,400[208],
Slovakia,Bratislava,Verejný bicykel,,Antik Telecom,June 2020[209][210],,dockless,70,
Slovakia,Bratislava,Rekola,4 Gen.,Rekola,7 September 2020[211],,dockless,200,
Slovakia,Košice,Verejný bicykel,,Antik Telecom,24 April 2019[212],,dockless,200[213],
Slovakia,Krásno nad Kysucou,Verejný bicykel,,Antik Telecom,26 May 2021[214],,dockless,40,
Slovakia,Kysucké Nové Mesto,Verejný bicykel,,Antik Telecom,26 May 2021[214],,dockless,50,
Slovakia,Moldava nad Bodvou,Verejný bicykel,,Antik Telecom,25 July 2019[215],,dockless,25[216],
Slovakia,Nitra,ARRIVA Bike,nextbike,Arriva,28 July 2017[217],,7,70,
Slovakia,"Poprad, Svit, Spišská Teplica",Verejný bicykel,,Antik Telecom,8 August 2019[218]14 May 2021[219],,dockless,150,
Slovakia,Trebišov,Verejný bicykel,,Antik Telecom,17 July 2019[220],,dockless,65,
Slovakia,Veľký Šariš,Verejný bicykel,,Antik Telecom,24 June 2020[221],,dockless,15,
Slovakia,Žilina,BikeKIA,nextbike,Arriva,29 March 2019[222],,20,120[223],
Slovenia,Celje[224],KolesCE,,Nomago,13 September 2018,,27[225],,
Slovenia,Kamnik,,,,,,,,
Slovenia,Kranj[226],KRsKOLESOM,,Mestna občina Kranj,,,26[227],,
Slovenia,Ljubljana[228],Bicike(lj),Cyclocity,JCDecaux,12 May 2011,,33,215,
Slovenia,Rogaška Slatina in Podčetrtek,,,,,,,,
Slovenia,Velenje,BICY,MICikel,,18 September 2012,,9,40,
South Africa,"Orania, Northern Cape[229]",Orania Openbare Fietsprojek,,,16 July 2014,,3,30,
South Korea,Changwon[230][231],NUBIJA,,,October 2008,,235,2348[232],
South Korea,Daejeon,Ta-shu,,,,,145,,
South Korea,Seoul[233],Ddareungi,,,15 October 2015,,1540[234],20000,
Spain,Córdoba[235],Eco-bici,3 Gen. Cyclocity,JCDecaux,2003,,4,35,
Spain,Palma,Bicipalma,,,28 March 2011,,28,336,
Spain,Valencia[236],ValenbiSi!,3 Gen. Cyclocity,JCDecaux,22 June 2010,,276,2400,
Spain,Barcelona,Bicing,3 Gen. Clear CC,,22 March 2007,,424,6000,28093[237]
Spain,Elche (Elx),bicielx,,,14 June 2010,,14,200,
Spain,Gijón,Gijon-Bici,3 Gen. Cyclocity,,2003,,8,64,
Spain,Girona[238][239],Girocleta,,,25 September 2009,,10,260,
Spain,Madrid[240],BiciMAD,,,May 2014,,123,1580,
Spain,"Málaga, Andalucía",MálagaBici,Cemusa,,2013,,20,400,
Spain,Pamplona,n'bici,,,July 2007,,5,101,
Spain,Santander[241][242],Tusbic,3 Gen. Cyclocity,,September 2008,,15,180,
Spain,Seville[243],Sevici,3 Gen. Cyclocity,,April 2007,,259,2100,
Spain,Zaragoza,Bizi,3 Gen. Clear CC,,28 May 2008,,130,1000,
Sweden,Gothenburg[244],Styr & Ställ,3 Gen. Cyclocity,JCDecaux,10 August 2010,,60,1000,
Sweden,Lund,Lundahoj,3 Gen. Cyclocity,JCDecaux,20 August 2014,,17,250,
Sweden,Malmö,Malmö By Bike,3 Gen. Clear CC,,14 May 2016,,50,500,
Sweden,Stockholm,Stockholm City bikes,3 Gen. Clear CC,,April 2006,,67,1000,
Switzerland,Sion,PubliBike,PubliBike,,2010,,7,69,
Switzerland,"Aigle, Monthey",PubliBike,PubliBike,,2010,,10,99,
Switzerland,Bern,PubliBike,PubliBike,,2011,,8,54,
Switzerland,Freiburg,PubliBike,PubliBike,,2010,,8,94,
Switzerland,Lausanne,velopass (in French),,,June 2009,April 2013,,,
Switzerland,Lausanne,PubliBike,PubliBike,,April 2013,,23,251,
Switzerland,Lugano,PubliBike,PubliBike,,2010,,9,88,
Switzerland,Luzern,nextbike,3 Gen. nextbike,,2008,,30,280,
Switzerland,"Nyon, Gland",PubliBike,PubliBike,,2011,,13,167,
Switzerland,Vevey,PubliBike,PubliBike,,2009,,5,41,
Taiwan,Changhua,YouBike,,,May 2014,,68,1695,
Taiwan,Kaohsiung,C-bike,,,,,300,4800,
Taiwan,Taipei[245][246],YouBike,,,November 2009,,400,13072,
Thailand,Bangkok,KU Mobike,Mobike,,2017,,,,
Thailand,Bangkok,oBike,4 Gen. oBike,,July 2017,,,,
Thailand,Bangkok[247],CU Bike,Smoove,,2012,,5,125,
Thailand,Bangkok[248][249],Pun Pun Bike Share,,,2012,,50,500,
Thailand,Chiang Mai,Mobike,Mobike,,2018,,,,
Turkey,Izmir,Bisim,,,January 2014,,29,,
Turkey,Karşıyaka,Karbis,3 Gen. nextbike,,January 2014,,6,,
Turkey,Konya,nextbike,3 Gen. nextbike,,,,40,,
Ukraine,Kyiv,nextbike,3 Gen. nextbike,nextbike Kyiv LLC,15 August 2018[250],,33,100,
Ukraine,Lviv,nextbike,3 Gen. nextbike,nextbike Ukraine LLC,31 March 2016[251],,24,140,
United Kingdom,Barton-upon-Humber (England),Factory Bikes,WhiteBikes,Elswick Hopper,19??,19??,,,
United Kingdom,Belfast (Northern Ireland),Coca-Cola Zero Belfast Bikes,3 Gen. nextbike,NSL,27 April 2015,,30,300,
United Kingdom,Blackpool (England)[252],Hire-a-Bike,Hourbike,,2009,,60,400,
United Kingdom,Bristol (England),YoBike,YoBike,,May 2017,,,,
United Kingdom,Cardiff (Wales),Nextbike,3 Gen. nextbike,,March 2018,,5,50,
United Kingdom,Glasgow (Scotland),Mass Automated Cycle Hire (MACH),3 Gen. nextbike,,24 June 2014,,31,400[253],
United Kingdom,Edinburgh (Scotland),Just Eat Cycles,Urban Sharing,Serco,24 June 2018,,50+,500[254],700[254]
United Kingdom,Liverpool (England),City Bike,,,May 2014,,130,1000[255],
United Kingdom,Milton Keynes (England),SantanderCyclesMK,3 Gen. nextbike,CycleSaviours,17 June 2016,,42,300,
United Kingdom,Newcastle (England),ScratchBikes(known as WhipBikes until 2011),ScratchBikes,,2010,,12,60,
United Kingdom,Nottingham (England),Ucycle,Sustrans & Evans Cycles,,2010,,0,460,
United Kingdom,Portsmouth (England),Bikeabout,Public Velo,University of Portsmouth,1996,1998,2,,
United Kingdom,Slough (England),Smoove,3 Gen. Smoove,,November 2013,,4,60,
United Kingdom,Southampton (England),YoBike,YoBike,,September 2017,,,,
United Kingdom,Cambridge (England),GreenBike,WhiteBikes,,1993,1995,,300,
United Kingdom,London (England) [256][257],Santander Cycles (formerly Barclays Cycle Hire),PBSC & 8D,Serco,30 July 2010,,839,13600,
United States,"Aspen, Colorado",WE-cycle,PBSC,,June 2013,,16,200,
United States,"Boise, Idaho[258]",Boise Bike Share,Social Bicycle,,16 April 2015,September 2020[259][260],15,117,
United States,"Boulder, Colorado[261][262]",Boulder B-Cycle,3 Gen. B-Cycle,,2011,,23,120,
United States,"Broward County, Florida",Broward B-Cycle,3 Gen. B-Cycle,,2011,,35,,
United States,"Chicago, Illinois[263][264]",Divvy,PBSC & 8D,Motivate,2013,,576,5837,13000
United States,"Denver, Colorado[265]",Denver B-cycle,3 Gen. B-Cycle,,2010,January 2020,89,737,
United States,"Des Moines, Iowa[266][267]",Des Moines B-cycle,3 Gen. B-Cycle,,2010,,4,18,
United States,"Indianapolis, Indiana[268]",B-Cycle,,,May 2014,,25,300,
United States,"Meridian, Colorado",M-Bike,Zagster,,15 March 2010,,11,,
United States,"Miami Beach, Florida[269]",Decobike,SandVault,,2011,,100,1000,
United States,New York City[270][271][272][273][274],Citi Bike,PBSC & 8D,Motivate,27 May 2013,,739,20000,65000
United States,"Tampa, Florida[275]",Coast Bike Share,3 Gen. CycleHop and Social Bicycles,,7 December 2014,,30,300,
United States,"Washington, D.C. area[276]",Capital Bikeshare,PBSC & 8D,Motivate,2010,,406,4457,
United States,"Ann Arbor, Michigan[277]",ArborBike,3 Gen. B-Cycle,,2014,,14,125,
United States,Atlanta,Relay Bike Share,,,May 2016,,65,500,
United States,"Austin, Texas[278]",Bike Share of Austin,3 Gen. B-Cycle,,December 2013,,46,375,
United States,Austin,Yellow Bike Project,WhiteBikes,Austin YBP and city council,January 1997,,,200,
United States,Battle Creek[279],Battle Creek BCycle,3 Gen. B-Cycle,,19 August 2013,,3,21,
United States,Black Rock City[280],Yellow Bikes,Yellow Bikes,,,,,,
United States,"Boston, Massachusetts[281]",Hubway,PBSC & 8D,Motivate,2011,,158,1461,3268
United States,"Charlotte, North Carolina[282]",Charlotte B-Cycle,3 Gen. B-Cycle,,2012,,21,200,
United States,"Chattanooga, Tennessee[283]",Bike Chattanooga Bicycle Transit System,PBSC,,2012,,37,334,
United States,"Cincinnati, Ohio[284]",Red Bike,3 Gen. B-Cycle,,15 September 2014,,50,,
United States,"Columbia, South Carolina",BlueBikeSC,,Bbewege,September 2018,,18,135,
United States,"Columbus, Ohio",CoGo,PBSC & 8D,Motivate,July 2013,,41,335,
United States,"El Paso, Texas[285]",El Paso BCycle,3 Gen. B-Cycle,,14 September 2015,,8,80,
United States,"Eugene, Oregon[286]",PeaceHealth Rides,PeaceHealth Rides,,2018,,36,300,
United States,"Fairbanks, Alaska",Fairbikes,A2B Bikeshare,,24 September 2015,,,,
United States,"Fargo, ND[287][288]",GreatRides,3 Gen. B-Cycle,,15 March 2010,,11,101,
United States,"Fort Worth, Texas[289]",Fort Worth B-Cycle,3 Gen. B-Cycle,,22 April 2013,,32,300,
United States,"Fullerton, California",OCTA BikeShare,Bike Nation,,6 January 2014,,10,75,
United States,"Hoboken, New Jersey[290]",Hudson Bike Share,3 Gen. nextbike,,September 2015,,29,250,
United States,"Houston, Texas[291][292]",Houston B-cycle,3 Gen. B-Cycle,,2012,,126[293],1000,
United States,Jersey City[294],Citi Bike,8D,Motivate,September 2015,,50,500,
United States,"Kailua, Hawaii[295][296]",Hawaii B-cycle,3 Gen. B-Cycle,,2011,,2,12,
United States,"Kansas City, Missouri[297]",Kansas City B-cycle,3 Gen. B-Cycle,,2012,,30,300,
United States,"Kona District, Hawaii",,PBSC,,2016,,3,30,
United States,"Lansing, MI",Capital Community Bikeshare,A2B Bikeshare,,2014,,8,20,Closed[298]
United States,"Lincoln, Nebraska[299]",BikeLNK,3 Gen. B-Cycle,,2018,,19,100,
United States,Los Angeles,Metro Bike Share,3 Gen. B-Cycle,,7 July 2016,,207,1700,
United States,"Madison, Wisconsin[300]",Madison B-Cycle,3 Gen. B-Cycle,,2011,,39,350,
United States,"Milwaukee, Wisconsin[301][302]",Bublr Bikes,3 Gen. B-Cycle,,2014,,87,400+,
United States,"Minneapolis, Minnesota and Saint Paul, Minnesota[303][304]",Nice Ride,PBSC & 8D,,2010,,171,1833,
United States,"Oklahoma City, Oklahoma[305]",Spokies,Spokies,,2012,,7,100,
United States,"Omaha, Nebraska[306]",Omaha B-Cycle,3 Gen. B-Cycle,,2011,,5,35,
United States,"Philadelphia, Pennsylvania[307][308]",Indego,3 Gen. B-Cycle,,23 April 2015,,105,1000,
United States,"Phoenix, Arizona",Grid Bike Share,3 Gen. CycleHop and Social Bicycles,,25 November 2014,,40,500,
United States,"Pittsburgh, Pennsylvania",Healthy Ride PGH,3 Gen. nextbike,,2015,,50,500,
United States,"Portland, Oregon",Biketown,,,19 July 2016,,100,1000,
United States,"Portland, Oregon",Yellow Bike Project,1 Gen. WhiteBikes,Yellow Bike Project,1994[309],1997[310],,1000,
United States,"Salt Lake City, Utah[311]",SLC Bike Share,3 Gen. B-Cycle,,2013,,12,100,
United States,"San Antonio, Texas[312]",San Antonio B-Cycle,3 Gen. B-Cycle,,2011,,68,600,
United States,San Diego[313],DecoBike,DecoBike,JCDecaux,February 2015,,180,1800,
United States,San Francisco Bay Area,,,,2013,,,,
United States,San Francisco Bay Area[314],Baywheels,8D,Motivate,June 2017,,550,7000,
United States,"Santa Monica, California[315]",Breeze Bike Share,3 Gen. CycleHop and Social Bicycles,,13 August 2015,,80,500,
United States,"Savannah, Georgia[316]",CAT Bike,3 Gen. B-Cycle,,24 January 2014,,2,16,
United States,"Seattle, Washington[317]",Pronto Cycle Share,8D,Motivate,13 October 2014,31 March 2017,50,500,
United States,"Spartanburg, South Carolina[318]",Spartanburg B-Cycle,3 Gen. B-Cycle,,2011,,5,40,
United States,St. Paul,Yellow Bike Project,1 Gen. w/ BikeCard,volunteers and city council,1997,,,,
